metric,value
accuracy,0.9824561403508771
roc_auc,0.9953703703703703
